"Timestamp","Nama","Departemen","Angkatan","Jenis kelamin","Berapa lama Anda menggunakan media sosial setiap harinya?  ","Platform media sosial apa yang paling sering Anda gunakan? ","Apakah Anda menggunakan fitur privasi di media sosial Anda?  ","Seberapa sering Anda membagikan informasi pribadi di media sosial?  
","Informasi apa saja yang sering Anda bagikan di media sosial?","Apakah Anda mengetahui risiko privasi terkait over-sharing di media sosial? ","Jika mengetahui risiko, dari mana Anda mendapatkan informasi tersebut? ","Seberapa besar Anda merasa over-sharing dapat membahayakan privasi data Anda? ","Apakah Anda pernah mengalami dampak negatif dari over-sharing?  ","Jika ya, dampak apa yang Anda alami?","Apakah Anda mengatur siapa saja yang dapat melihat unggahan media sosial Anda? ","Apakah Anda memanfaatkan fitur-fitur privasi seperti akun private atau membatasi audiens? ","Seberapa sering Anda memeriksa kembali informasi sebelum mengunggahnya ke media sosial? "
"2024/11/26 7:41:02 PM GMT+7","Diva","Sistem Informasi","2023","Perempuan","> 5 jam","Instagram;X;Youtube","Ya, secara aktif","4","Aktivitas sehari-hari;Opini atau pemikiran pribadi;Informasi akademik (nilai, tugas, dsb.)","Ya","Media sosial;Berita/artikel online","5","2","","Ya, selalu","Ya, secara rutin","5"
"2024/11/26 8:09:03 PM GMT+7","Ahmed Miftah Ghiffari","Sistem Informasi","2023","Laki - laki","3-5 jam","Instagram;TikTok;X","Kadang-kadang","2","Aktivitas sehari-hari;Opini atau pemikiran pribadi","Ya","Media sosial;Berita/artikel online","5","2","Menyesal","Kadang-kadang","Kadang-kadang","5"
"2024/11/26 8:11:27 PM GMT+7","Salsa Aulia Azzahra Havenanda ","Sistem Informasi","2024","Perempuan","3-5 jam","Youtube;WhatsApp ","Ya, secara aktif","3","Aktivitas sehari-hari","Ya","Berita/artikel online","5","1","-","Ya, selalu","Ya, secara rutin","5"
"2024/11/26 8:12:18 PM GMT+7","Veronika Stefani Pangaribuan","Sistem Informasi","2024","Perempuan","> 5 jam","Instagram;TikTok;X","Ya, secara aktif","2","Foto pribadi;Aktivitas sehari-hari;Opini atau pemikiran pribadi","Ya","Media sosial;Berita/artikel online","5","1","","Ya, selalu","Ya, secara rutin","5"
"2024/11/26 8:12:37 PM GMT+7","Naufal Agni Muhammad","Sistem Informasi","2024","Laki - laki","1-3 jam","Instagram;Youtube","Ya, secara aktif","2","Foto pribadi;Informasi akademik (nilai, tugas, dsb.)","Ya","Media sosial;Berita/artikel online","5","1","-","Ya, selalu","Ya, secara rutin","5"
"2024/11/26 8:17:57 PM GMT+7","Tiara Aulia Azadirachta Indica","Sistem Informasi","2023","Perempuan","> 5 jam","Instagram;TikTok;Youtube","Kadang-kadang","2","Aktivitas sehari-hari","Ya","Kampus/seminar literasi digital;Media sosial;Berita/artikel online","4","2","Belum ada? Tapi karena aku punya 1 akun & kadang cosplay juga, ada beberapa dm yg aku rasa akward","Ya, selalu","Kadang-kadang","3"
"2024/11/26 8:20:13 PM GMT+7","Mirza ","Sistem Informasi","2023","Laki - laki","3-5 jam","Instagram;TikTok;X;Youtube","Kadang-kadang","2","Foto pribadi;Lokasi terkini;Aktivitas sehari-hari","Ya","Media sosial;Berita/artikel online","4","1","","Ya, selalu","Ya, secara rutin","5"
"2024/11/26 8:21:17 PM GMT+7","Qonita Aulia Putri","Sistem Informasi","2024","Perempuan","1-3 jam","Instagram;TikTok;X","Ya, secara aktif","2","Foto pribadi;Opini atau pemikiran pribadi","Ya","Media sosial;Berita/artikel online","4","1","","Kadang-kadang","Ya, secara rutin","5"
"2024/11/26 8:21:43 PM GMT+7","Disuruh vv","Sistem Informasi","2024","Laki - laki","3-5 jam","Instagram;TikTok;X;Youtube","Ya, secara aktif","1","Aktivitas sehari-hari;Opini atau pemikiran pribadi","Ya","Media sosial;Berita/artikel online","5","2","","Kadang-kadang","Kadang-kadang","5"
"2024/11/26 8:27:46 PM GMT+7","Mukhammad Ali Ridho","Teknik Kelautan","2023","Laki - laki","1-3 jam","Instagram;TikTok;Youtube","Kadang-kadang","2","","Ya","Media sosial;Berita/artikel online","4","2","_","Kadang-kadang","Kadang-kadang","3"
"2024/11/26 8:30:47 PM GMT+7","Ahmad Ikhsan Maulana","Sistem Informasi","2024","Laki - laki","1-3 jam","Instagram;TikTok;Youtube","Ya, secara aktif","1","Aktivitas sehari-hari;Opini atau pemikiran pribadi","Ya","Kampus/seminar literasi digital;Media sosial;Berita/artikel online","5","1","","Kadang-kadang","Kadang-kadang","5"
"2024/11/26 8:31:50 PM GMT+7","Jioo","Manajemen Bisnis","2023","Laki - laki","3-5 jam","Instagram;TikTok;Youtube;Linkedin","Ya, secara aktif","2","Foto pribadi;Opini atau pemikiran pribadi;Informasi akademik (nilai, tugas, dsb.)","Ya","Berita/artikel online","2","4","fitnah","Ya, selalu","Ya, secara rutin","4"
"2024/11/26 8:39:29 PM GMT+7","Cheryl Salsabilla Hendarto","Sistem Informasi","2024","Perempuan","> 5 jam","Instagram;TikTok;X;Youtube","Kadang-kadang","2","Foto pribadi;Aktivitas sehari-hari","Ya","Media sosial;Berita/artikel online","2","1","","Kadang-kadang","Kadang-kadang","4"
"2024/11/26 8:40:59 PM GMT+7","Hafidz pd","Sistem Informasi","2023","Laki - laki","3-5 jam","Instagram;TikTok;Youtube","Kadang-kadang","3","Foto pribadi;Lokasi terkini","Tidak","Tidak mengetahui risiko","4","2","Tidak","Kadang-kadang","Kadang-kadang","4"
"2024/11/26 8:52:47 PM GMT+7","Rendi","Statistika","2023","Laki - laki","1-3 jam","Instagram;Youtube","Tidak pernah","1","Aktivitas sehari-hari","Ya","Berita/artikel online","5","1","-","Kadang-kadang","Kadang-kadang","3"
"2024/11/26 9:15:33 PM GMT+7","Made Iswara Adhi Wigama","Teknik Elektro","2023","Laki - laki","1-3 jam","Instagram;Youtube","Tidak pernah","1","Aktivitas sehari-hari;Opini atau pemikiran pribadi","Ya","Media sosial","3","1","","Tidak pernah","Kadang-kadang","3"
"2024/11/26 9:20:41 PM GMT+7","Maria Adeline Maharani Widyatmoko","Sistem Informasi","2023","Perempuan","3-5 jam","Instagram;X;Youtube","Ya, secara aktif","3","Opini atau pemikiran pribadi;Informasi akademik (nilai, tugas, dsb.)","Ya","Kampus/seminar literasi digital;Berita/artikel online","4","3","Orang bisa tahu rencana kita ","Ya, selalu","Ya, secara rutin","2"
"2024/11/26 10:03:45 PM GMT+7","Putu Ardanatha Pratama","Teknik Informatika","2023","Laki - laki","> 5 jam","Instagram;TikTok;X;Youtube;Whatsapp, Discord, Slack, LinkedIn, GitHub, StackOverflow","Tidak pernah","1","Informasi akademik (nilai, tugas, dsb.)","Ya","Kampus/seminar literasi digital;Media sosial;Berita/artikel online","5","2","Mancing perkoro ","Tidak pernah","Kadang-kadang","5"
"2024/11/26 10:57:18 PM GMT+7","Zia","Sistem Informasi","2023","Laki - laki","> 5 jam","Instagram;X;Youtube;WhatsApp ","Kadang-kadang","4","Foto pribadi;Aktivitas sehari-hari;Opini atau pemikiran pribadi","Ya","Kampus/seminar literasi digital;Media sosial;Berita/artikel online","3","5","Orang jadi lebih tau tentang kita ","Kadang-kadang","Kadang-kadang","5"
"2024/11/26 11:45:46 PM GMT+7","Michelle","Sistem Informasi","2024","Perempuan","> 5 jam","Instagram;TikTok;X","Ya, secara aktif","4","Foto pribadi;Aktivitas sehari-hari;Opini atau pemikiran pribadi","Ya","Media sosial;Berita/artikel online","4","3","menimbulkan cyberbullying","Ya, selalu","Ya, secara rutin","4"
"2024/11/26 11:49:18 PM GMT+7","Muhammad Erfan Zidni","Sistem Informasi","2024","Laki - laki","> 5 jam","Instagram;TikTok","Ya, secara aktif","3","Foto pribadi;Aktivitas sehari-hari;Opini atau pemikiran pribadi","Ya","Media sosial;Berita/artikel online","5","2","-","Ya, selalu","Ya, secara rutin","5"
"2024/11/27 6:12:56 PM GMT+7","Shahnaz A","Sistem Informasi","2023","Perempuan","1-3 jam","X;Youtube;Whatsapp","Ya, secara aktif","1","Foto pribadi","Ya","Media sosial;Berita/artikel online","1","1","-","Ya, selalu","Ya, secara rutin","5"
"2024/11/27 8:29:50 PM GMT+7","Aldani Prasetyo","Sistem Informasi","2023","Laki - laki","3-5 jam","Instagram;TikTok;Youtube","Kadang-kadang","2","Foto pribadi;Aktivitas sehari-hari;Kontak pribadi (nomor HP, email, dsb.)","Ya","Kampus/seminar literasi digital;Media sosial;Berita/artikel online","4","3","","Kadang-kadang","Kadang-kadang","4"
"2024/11/27 8:48:54 PM GMT+7","Eric","Sistem Informasi","2023","Laki - laki","1-3 jam","Instagram;TikTok;Youtube","Kadang-kadang","1","Aktivitas sehari-hari","Ya","Kampus/seminar literasi digital;Berita/artikel online","3","1","","Kadang-kadang","Kadang-kadang","4"
"2024/11/28 4:41:38 AM GMT+7","fn","Statistika","2023","Perempuan","3-5 jam","Instagram;TikTok;X","Tidak pernah","1","Foto pribadi;Aktivitas sehari-hari","Ya","Berita/artikel online","5","1","","Ya, selalu","Kadang-kadang","5"
"2024/11/28 5:06:19 AM GMT+7","Muhammad Zia Akhtar","Manajemen Bisnis","2023","Laki - laki","1-3 jam","Instagram;X;Youtube","Kadang-kadang","2","Aktivitas sehari-hari;Opini atau pemikiran pribadi","Ya","Kampus/seminar literasi digital;Media sosial;Berita/artikel online","5","3","Gangguan Privasi","Ya, selalu","Ya, secara rutin","4"
"2024/11/28 10:52:01 AM GMT+7","Rian","Statistika","2023","Laki - laki","> 5 jam","Instagram;TikTok;X","Kadang-kadang","2","Foto pribadi","Ya","Media sosial;Berita/artikel online","1","1","","Kadang-kadang","Kadang-kadang","5"
"2024/11/28 10:53:26 AM GMT+7","Faizz","Sistem Informasi","2023","Laki - laki","> 5 jam","Instagram;TikTok;X;Youtube","Kadang-kadang","1","Aktivitas sehari-hari;Opini atau pemikiran pribadi","Tidak","Tidak mengetahui risiko","5","2","","Kadang-kadang","Tidak pernah","5"
"2024/11/28 10:54:31 AM GMT+7","Burhan Shidqi Arrasyid","Sistem Informasi","2023","Laki - laki","> 5 jam","Instagram;Youtube","Tidak pernah","2","Foto pribadi;Aktivitas sehari-hari","Ya","Media sosial;Berita/artikel online","5","4","Banyak mengetahui privasi yang mungkin sensitif","Tidak pernah","Tidak pernah","5"
"2024/11/28 10:56:06 AM GMT+7","Rea","Sistem Informasi","2023","Perempuan","3-5 jam","Instagram;TikTok;Youtube","Ya, secara aktif","2","Foto pribadi;Opini atau pemikiran pribadi","Ya","Media sosial;Berita/artikel online","5","1","","Kadang-kadang","Ya, secara rutin","4"
"2024/11/28 10:59:40 AM GMT+7","Clay","Sistem Informasi","2023","Laki - laki","3-5 jam","Instagram;TikTok;Youtube","Kadang-kadang","1","Foto pribadi;Aktivitas sehari-hari","Ya","Media sosial","5","3","","Ya, selalu","Ya, secara rutin","5"
"2024/11/28 10:59:56 AM GMT+7","Naufal Zahran Ahnafi Yusup","Sistem Informasi","2023","Laki - laki","3-5 jam","Instagram;TikTok;Youtube","Ya, secara aktif","1","","Ya","Kampus/seminar literasi digital;Media sosial;Berita/artikel online","5","1","","Kadang-kadang","Ya, secara rutin","5"
"2024/11/28 11:00:11 AM GMT+7","Risyad Nazhir Aqila","Teknik Informatika","2023","Laki - laki","1-3 jam","TikTok;Youtube","Tidak pernah","1","Foto pribadi;Aktivitas sehari-hari","Ya","Kampus/seminar literasi digital;Media sosial;Berita/artikel online","5","3","disalahgunakan, dijadikan bahan julid","Kadang-kadang","Kadang-kadang","5"
"2024/11/28 11:00:25 AM GMT+7","Marsha Alifia Sekardini","Sistem Informasi","2023","Perempuan","> 5 jam","Instagram;TikTok;X","Kadang-kadang","2","Aktivitas sehari-hari;Opini atau pemikiran pribadi","Ya","Media sosial;Berita/artikel online","5","3","Data tidak aman","Kadang-kadang","Kadang-kadang","4"
"2024/11/28 11:00:49 AM GMT+7","Gerald Marcell Van Rayne","Sistem Informasi","2023","Laki - laki","3-5 jam","Instagram;TikTok;Youtube","Kadang-kadang","3","Foto pribadi;Aktivitas sehari-hari","Ya","Media sosial;Berita/artikel online","4","1","-","Ya, selalu","Kadang-kadang","3"
"2024/11/28 11:02:02 AM GMT+7","sasha","Sistem Informasi","2023","Perempuan","3-5 jam","Instagram;TikTok;X","Kadang-kadang","2","Foto pribadi;Aktivitas sehari-hari;Opini atau pemikiran pribadi","Ya","Media sosial;Berita/artikel online","5","1","","Kadang-kadang","Kadang-kadang","4"
"2024/11/28 11:10:26 AM GMT+7","Muhammad Gandhi Taqi Utomo","Sistem Informasi","2023","Laki - laki","3-5 jam","Instagram;TikTok;Facebook","Kadang-kadang","1","Aktivitas sehari-hari;Opini atau pemikiran pribadi","Ya","Media sosial;Berita/artikel online","5","1","","Kadang-kadang","Kadang-kadang","4"
"2024/11/28 11:12:52 AM GMT+7","Syamil Rizqy","Sistem Informasi","2023","Laki - laki","1-3 jam","Instagram;TikTok;Youtube","Kadang-kadang","2","Opini atau pemikiran pribadi;Informasi akademik (nilai, tugas, dsb.)","Ya","Kampus/seminar literasi digital;Media sosial","5","2","Hidup terasa seperti tontonan orang","Kadang-kadang","Kadang-kadang","4"
"2024/11/28 11:18:05 AM GMT+7","Muhammad Razan Parisya Putra","Sistem Informasi","2023","Laki - laki","> 5 jam","Instagram;TikTok;X","Kadang-kadang","1","Foto pribadi;Aktivitas sehari-hari","Ya","Kampus/seminar literasi digital;Media sosial","4","1","","Ya, selalu","Ya, secara rutin","4"
"2024/11/28 11:23:07 AM GMT+7","Fadhiil Akmal Hamizan","Sistem Informasi","2023","Laki - laki","3-5 jam","Instagram;TikTok;X;Youtube","Tidak pernah","3","Foto pribadi;Opini atau pemikiran pribadi;Kontak pribadi (nomor HP, email, dsb.)","Ya","Media sosial;Berita/artikel online","2","1","","Kadang-kadang","Tidak pernah","3"
"2024/11/28 11:28:12 AM GMT+7","lila","Sistem Informasi","2023","Perempuan","3-5 jam","Instagram;TikTok;X","Ya, secara aktif","2","Aktivitas sehari-hari","Ya","Media sosial;Berita/artikel online","5","4",".","Ya, selalu","Ya, secara rutin","5"
"2024/11/28 11:30:17 AM GMT+7","Nadia","Sistem Informasi","2023","Perempuan","> 5 jam","Instagram;TikTok;X","Kadang-kadang","3","Foto pribadi;Aktivitas sehari-hari;Opini atau pemikiran pribadi","Ya","Media sosial","4","1","","Kadang-kadang","Kadang-kadang","5"
"2024/11/28 11:34:41 AM GMT+7","Adel","Sistem Informasi","2023","Perempuan","> 5 jam","Instagram;TikTok;Youtube","Kadang-kadang","4","Foto pribadi;Lokasi terkini;Kontak pribadi (nomor HP, email, dsb.)","Ya","Media sosial;Berita/artikel online","5","4","informasi pribadi tersebar","Kadang-kadang","Kadang-kadang","4"
"2024/11/28 11:39:10 AM GMT+7","Yudhistira Armico Fidly","Sistem Informasi","2023","Laki - laki","> 5 jam","Instagram;TikTok;Youtube","Ya, secara aktif","2","Foto pribadi;Lokasi terkini;Aktivitas sehari-hari","Ya","Kampus/seminar literasi digital","2","1","-","Tidak pernah","Kadang-kadang","4"
"2024/11/28 11:42:24 AM GMT+7","Dhaifya Tamamuddin Muhammad","Sistem Informasi","2023","Perempuan","3-5 jam","Instagram;TikTok","Kadang-kadang","3","Foto pribadi;Lokasi terkini;Aktivitas sehari-hari","Ya","Media sosial;Berita/artikel online","3","3","","Kadang-kadang","Kadang-kadang","4"
"2024/11/28 11:45:38 AM GMT+7","Bara Ardiwinata","Sistem Informasi","2023","Laki - laki","3-5 jam","Instagram;TikTok","Ya, secara aktif","3","Lokasi terkini;Aktivitas sehari-hari","Ya","Media sosial;Berita/artikel online","5","4","gaboleh ngasi tau, ntar kamu tau, jadinya oversharing","Kadang-kadang","Kadang-kadang","4"
"2024/11/28 11:47:53 AM GMT+7","Antika Raya","Sistem Informasi","2023","Perempuan","> 5 jam","Instagram;TikTok","Kadang-kadang","3","Foto pribadi;Aktivitas sehari-hari","Ya","Media sosial","4","2","-","Kadang-kadang","Ya, secara rutin","4"
"2024/11/28 11:48:31 AM GMT+7","Devika Rahman","Sistem Informasi","2023","Perempuan","> 5 jam","Instagram;TikTok;X","Kadang-kadang","2","Foto pribadi;Aktivitas sehari-hari;Opini atau pemikiran pribadi","Ya","Kampus/seminar literasi digital;Media sosial;Berita/artikel online","5","1","-","Kadang-kadang","Kadang-kadang","5"
"2024/11/28 11:50:29 AM GMT+7","Zaskia Muazatun M","Sistem Informasi","2023","Perempuan","> 5 jam","Instagram;TikTok;X","Ya, secara aktif","5","Foto pribadi;Lokasi terkini;Aktivitas sehari-hari;Opini atau pemikiran pribadi;Informasi akademik (nilai, tugas, dsb.)","Ya","Media sosial","4","2","-","Ya, selalu","Ya, secara rutin","3"
"2024/11/28 11:51:31 AM GMT+7","Muhammad Aditya Handrian ","Teknik Informatika","2023","Laki - laki","1-3 jam","Instagram;TikTok;X","Ya, secara aktif","3","Foto pribadi;Aktivitas sehari-hari","Ya","Kampus/seminar literasi digital;Media sosial;Berita/artikel online","4","1","","Kadang-kadang","Ya, secara rutin","4"
"2024/11/28 12:00:23 PM GMT+7","Felix Prajna Santoso","Sistem Informasi","2023","Laki - laki","<1 jam","Instagram;TikTok;Youtube","Tidak pernah","2","Foto pribadi;Aktivitas sehari-hari","Ya","Media sosial;Berita/artikel online","4","1","tidak pernah mengalami","Tidak pernah","Tidak pernah","5"
"2024/11/28 12:00:56 PM GMT+7","Ida Bagus Satria Wiracita","Sistem Informasi","2024","Laki - laki","3-5 jam","Instagram;TikTok","Ya, secara aktif","2","Aktivitas sehari-hari;Informasi akademik (nilai, tugas, dsb.)","Ya","Media sosial;Berita/artikel online","3","2","-","Kadang-kadang","Ya, secara rutin","4"
"2024/11/28 12:07:11 PM GMT+7","nerissa","Perencanaan Wilayah dan Kota","2023","Perempuan","3-5 jam","Instagram;TikTok;X","Kadang-kadang","2","Foto pribadi;Aktivitas sehari-hari;Informasi akademik (nilai, tugas, dsb.)","Ya","Media sosial;Berita/artikel online","4","2",".","Kadang-kadang","Kadang-kadang","4"
"2024/11/28 12:22:41 PM GMT+7","Rafi Zhafran Putra Wibowo","Sistem Informasi","2023","Laki - laki","> 5 jam","Instagram;TikTok;Youtube","Kadang-kadang","2","Lokasi terkini;Aktivitas sehari-hari;Opini atau pemikiran pribadi","Ya","Media sosial;Berita/artikel online","4","1","Sejauh ini tidak ada dampak negatif yang saya rasakan ","Kadang-kadang","Kadang-kadang","5"
"2024/11/28 12:42:34 PM GMT+7","Gusti","Sistem Informasi","2023","Laki - laki","3-5 jam","Instagram;TikTok;Youtube","Ya, secara aktif","1","Foto pribadi;Opini atau pemikiran pribadi","Ya","Berita/artikel online","5","1","","Kadang-kadang","Kadang-kadang","4"
"2024/11/28 1:06:51 PM GMT+7","Nawra Afroza Jannatul Firdaus ","Sistem Informasi","2023","Perempuan","3-5 jam","Instagram;TikTok;Youtube","Kadang-kadang","3","Foto pribadi","Ya","Media sosial;Berita/artikel online","5","1","","Kadang-kadang","Kadang-kadang","3"
"2024/11/28 1:21:06 PM GMT+7","Erika Cahya Ningtyas","Sistem Informasi","2023","Perempuan","> 5 jam","Instagram;TikTok;Youtube","Kadang-kadang","2","Foto pribadi;Aktivitas sehari-hari;Opini atau pemikiran pribadi","Ya","Kampus/seminar literasi digital;Media sosial;Berita/artikel online","4","4","distalk","Kadang-kadang","Kadang-kadang","3"
"2024/11/28 1:56:53 PM GMT+7","Baqhiz Faruq S","Sistem Informasi","2023","Laki - laki","> 5 jam","X","Ya, secara aktif","1","Foto pribadi","Ya","Media sosial","5","1","saya merasa tidak sigma","Ya, selalu","Ya, secara rutin","5"
"2024/11/28 1:57:25 PM GMT+7","William Bryan","Sistem Informasi","2023","Laki - laki","3-5 jam","Instagram;TikTok;Youtube","Ya, secara aktif","5","Aktivitas sehari-hari;Opini atau pemikiran pribadi;Kontak pribadi (nomor HP, email, dsb.);Informasi akademik (nilai, tugas, dsb.)","Ya","Media sosial;Berita/artikel online","3","3","-","Kadang-kadang","Kadang-kadang","3"
"2024/11/28 1:59:59 PM GMT+7","Nashita Aulia","Sistem Informasi","2023","Perempuan","> 5 jam","Instagram;TikTok;Youtube","Kadang-kadang","3","Foto pribadi;Aktivitas sehari-hari;Opini atau pemikiran pribadi","Ya","Kampus/seminar literasi digital;Media sosial;Berita/artikel online","5","3","Thinking about what others think of me.","Ya, selalu","Kadang-kadang","5"
"2024/11/28 2:00:05 PM GMT+7","Keisha","Sistem Informasi","2023","Perempuan","> 5 jam","Instagram;TikTok","Kadang-kadang","2","Aktivitas sehari-hari","Ya","Media sosial","5","1","","Ya, selalu","Kadang-kadang","5"
"2024/11/28 2:05:29 PM GMT+7","Muhammad Abyan Tsabit Amani","Sistem Informasi","2023","Laki - laki","3-5 jam","Instagram;TikTok;Youtube","Tidak pernah","1","Foto pribadi","Ya","Kampus/seminar literasi digital;Media sosial;Berita/artikel online","5","2","Ganguan kecil","Kadang-kadang","Kadang-kadang","5"
"2024/11/28 2:16:44 PM GMT+7","Nisrina Azzah Qonitah","Teknik Sistem Industri","2023","Perempuan","1-3 jam","Instagram;X;Youtube","Ya, secara aktif","2","Foto pribadi;Lokasi terkini","Ya","Media sosial","5","3","dampak yang saya alami adalah overthingking, karena saya jarang membagikan foto maupun update di instagram jadi kalau agak spam jadi kepikiran pdhl orang lain juga gak se memperhatikan itu kpd saya","Tidak pernah","Ya, secara rutin","4"
"2024/11/28 2:18:38 PM GMT+7","Adinda Putri Nabilah","Teknik Sistem Industri","2023","Perempuan","1-3 jam","Instagram;TikTok;X","Ya, secara aktif","4","Foto pribadi;Lokasi terkini;Aktivitas sehari-hari","Ya","Media sosial","4","2","tidak ada sejauh ini","Ya, selalu","Kadang-kadang","4"
"2024/11/28 2:36:13 PM GMT+7","Nailah Adlina","Sistem Informasi","2024","Perempuan","3-5 jam","Instagram;TikTok;Facebook","Ya, secara aktif","4","Foto pribadi;Aktivitas sehari-hari;Informasi akademik (nilai, tugas, dsb.)","Ya","Media sosial;Berita/artikel online","5","3","","Kadang-kadang","Ya, secara rutin","4"
"2024/11/28 4:13:36 PM GMT+7","Rafindra","Sistem Informasi","2023","Laki - laki","> 5 jam","Instagram;X;Youtube","Ya, secara aktif","1","Foto pribadi;Lokasi terkini;Aktivitas sehari-hari","Ya","Kampus/seminar literasi digital;Media sosial","5","1","-","Ya, selalu","Ya, secara rutin","4"
"2024/11/28 5:22:24 PM GMT+7","Jeremy Danial Haposan Siregar","Sistem Informasi","2023","Laki - laki","3-5 jam","Instagram;TikTok;X;Youtube","Tidak pernah","1","Foto pribadi","Ya","Berita/artikel online","5","1","-","Tidak pernah","Kadang-kadang","5"
"2024/11/28 5:23:05 PM GMT+7","Adityo Rafi Wardhana ","Sistem Informasi","2023","Laki - laki","3-5 jam","Instagram;Youtube","Ya, secara aktif","2","Aktivitas sehari-hari;Opini atau pemikiran pribadi","Ya","Kampus/seminar literasi digital;Media sosial;Berita/artikel online","5","1","","Tidak pernah","Kadang-kadang","4"
"2024/11/28 5:27:14 PM GMT+7","Umar Al Haddad","Sistem Informasi","2023","Laki - laki","1-3 jam","Instagram;Facebook;Youtube","Kadang-kadang","2","Aktivitas sehari-hari","Ya","Kampus/seminar literasi digital;Media sosial;Berita/artikel online","5","2","-","Kadang-kadang","Kadang-kadang","5"
"2024/11/28 6:09:24 PM GMT+7","Bagas Rafi Dewantara ","Sistem Informasi","2023","Laki - laki","3-5 jam","Instagram;Youtube","Ya, secara aktif","3","Foto pribadi;Aktivitas sehari-hari","Ya","Kampus/seminar literasi digital;Media sosial;Berita/artikel online","5","2","cyberbulliying","Kadang-kadang","Ya, secara rutin","5"
"2024/11/28 6:18:01 PM GMT+7","Saffin Prabhaswara Swardhana","Teknik Mesin","2023","Laki - laki","> 5 jam","Instagram;TikTok;Youtube","Kadang-kadang","3","Aktivitas sehari-hari;Opini atau pemikiran pribadi","Ya","Media sosial","5","1","-","Kadang-kadang","Kadang-kadang","5"
"2024/11/28 8:06:03 PM GMT+7","Faris Abqori ","Sistem Informasi","2023","Laki - laki","3-5 jam","Instagram;TikTok","Kadang-kadang","3","Lokasi terkini","Tidak","Tidak mengetahui risiko","4","3","-","Kadang-kadang","Kadang-kadang","4"
"2024/11/28 10:04:17 PM GMT+7","Naufal Maula Nabil","Sistem Informasi","2023","Laki - laki","3-5 jam","Instagram;Youtube","Kadang-kadang","3","Aktivitas sehari-hari;Opini atau pemikiran pribadi","Ya","Kampus/seminar literasi digital;Media sosial;Berita/artikel online","5","4","Spam dan penipuan","Ya, selalu","Kadang-kadang","5"
"2024/11/28 10:57:32 PM GMT+7","diffa adzra","Sistem Informasi","2023","Perempuan","3-5 jam","Instagram;TikTok","Kadang-kadang","4","Foto pribadi;Aktivitas sehari-hari;Opini atau pemikiran pribadi","Ya","Media sosial;Berita/artikel online","5","2","","Kadang-kadang","Kadang-kadang","5"
"2024/11/29 12:33:54 AM GMT+7","Andy","DKV","2023","Laki - laki","3-5 jam","Instagram;X;Facebook;Youtube","Tidak pernah","2","Lokasi terkini;Aktivitas sehari-hari","Ya","Kampus/seminar literasi digital;Media sosial;Berita/artikel online","5","4","rumor yang ga valid","Kadang-kadang","Kadang-kadang","4"
"2024/11/29 4:44:18 AM GMT+7","Cindy Fatika Ekawati","Sistem Informasi","2023","Perempuan","> 5 jam","Instagram;TikTok;X;Youtube","Tidak pernah","3","Foto pribadi;Aktivitas sehari-hari","Tidak","Tidak mengetahui risiko","5","3","Mungkin lebih ke kurangnya privasi","Ya, selalu","Kadang-kadang","3"
"2024/11/30 8:56:02 AM GMT+7","Sabrina Syafa ","Statistika Bisnis","2023","Perempuan","> 5 jam","Instagram;TikTok;Youtube","Ya, secara aktif","3","Aktivitas sehari-hari","Tidak","Tidak mengetahui risiko","4","2","","Kadang-kadang","Ya, secara rutin","3"
"2024/11/30 12:50:42 PM GMT+7","Arya Wiraguna Dwiputra","Sistem Informasi","2023","Laki - laki","> 5 jam","Instagram","Tidak pernah","3","","Ya","Media sosial;Berita/artikel online","5","1","-","Kadang-kadang","Kadang-kadang","4"
"2024/12/02 6:15:36 PM GMT+7","Alvin Nasywan S","Perencanaan Wilayah dan Kota","2023","Laki - laki","1-3 jam","TikTok;Youtube","Ya, secara aktif","3","Lokasi terkini","Ya","Kampus/seminar literasi digital;Berita/artikel online","5","2","Belum pernah","Ya, selalu","Ya, secara rutin","4"